{"schemaVersion":"1.0","appDefinitionTemplate":{"id":"/providers/Microsoft.PowerApps/apps/","type":"Microsoft.PowerApps/apps","tags":{"primaryDeviceWidth":"640","primaryDeviceHeight":"1136","sienaVersion":"20200913T103131Z-3.20085.19.0","deviceCapabilities":"","supportsPortrait":"true","supportsLandscape":"false","primaryFormFactor":"Phone","publisherVersion":"3.20085.19","minimumRequiredApiVersion":"2.2.0","hasComponent":"false","hasUnlockedComponent":"false","isUnifiedRootApp":"false"},"properties":{"appVersion":"2020-09-13T10:31:31Z","lifeCycleId":"Published","createdByClientVersion":{"major":3,"minor":20085,"build":19,"revision":0,"majorRevision":0,"minorRevision":0},"minClientVersion":{"major":3,"minor":20085,"build":19,"revision":0,"majorRevision":0,"minorRevision":0},"backgroundColor":"rgba(0, 176, 240, 1)","backgroundImageUri":"/2400318523156137205/N99a14063-3782-4f7d-b6ce-9771b3658e85-logoSmallFile","displayName":"MSA-Fr an n y","description":"","commitMessage":"","appUris":{"documentUri":{"value":"/2400318523156137205/N26dac9cc-30c7-403f-9765-7938023fcd3f-document.msapp","readonlyValue":"/2400318523156137205/N26dac9cc-30c7-403f-9765-7938023fcd3f-document.msapp"},"imageUris":[]},"createdTime":"0001-01-01T00:00:00Z","lastModifiedTime":"0001-01-01T00:00:00Z","sharedGroupsCount":0,"sharedUsersCount":0,"icons":{"smallIconUri":"/2400318523156137205/Nbb57b2f4-974b-4d87-a8ff-45bfbff0c36b-small.png","mediumIconUri":"/2400318523156137205/N27d7f6c1-fac5-4abc-acfb-7efcbffcbba8-medium.png","largeIconUri":"/2400318523156137205/N9a51cb61-51e0-4bb8-9d95-5128e0adad36-large.png","wideIconUri":"/2400318523156137205/N41a214ab-ed34-4b36-88f4-6cae57c67e6c-wide.png"},"connectionReferences":{"3afca8f3-3fb4-41e1-b697-72c87c16ad42":{"id":"381c16d0-9e55-402d-ab09-4929f0230b72","displayName":"Excel","iconUri":"https://connectoricons-prod.azureedge.net/excel/icon_1.0.1352.2014.png","dataSources":["Table1"],"dependencies":["2cd72e5f-414f-49e2-a6bf-fa4090e25240"],"dependents":[],"parameterHints":{"2cd72e5f-414f-49e2-a6bf-fa4090e25240":{"value":"fileSource"}},"isOnPremiseConnection":false,"dataSets":{"b!wUMurSPk00etaA78NT6fq3nCrolfr55FuLwwtiWmJCUrdusvtSQ8Q7oYOm98v6tp.01ZFRJD3SFOLRM7SZZVJEYEBNDL7TJRDQI":{"dataSources":{"Table1":{"tableName":"Table1"}}}},"apiTier":"Standard","isCustomApiConnection":false},"2cd72e5f-414f-49e2-a6bf-fa4090e25240":{"id":"024ca24e-e939-44d4-91c6-f36379985446","displayName":"OneDrive for Business","iconUri":"https://connectoricons-prod.azureedge.net/onedriveforbusiness/icon_1.0.1341.1987.png","dataSources":[],"dependencies":[],"dependents":["3afca8f3-3fb4-41e1-b697-72c87c16ad42"],"parameterHints":{},"isOnPremiseConnection":false,"dataSets":{},"apiTier":"Standard","isCustomApiConnection":false}},"databaseReferences":{},"almMode":"Environment","performanceOptimizationEnabled":true,"canConsumeAppPass":true},"isAppComponentLibrary":false,"appType":"ClassicCanvasApp","appComponents":[]}}